"id","BIOCHEMICAL","SUPER_PATHWAY","SUB_PATHWAY","METABOLON_ID","PLATFORM","KEGG_ID","CAS","RI","MASS","HMDB_ID","sourceID","IDtype"
"1-arachidonoylglycerophosphoethanolamine*","1-arachidonoylglycerophosphoethanolamine*","Lipid","Lysolipid",35186,"LC/MS neg",NA,NA,5731,500.3,NA,NA,NA
"1-arachidonoylglycerophosphoinositol*","1-arachidonoylglycerophosphoinositol*","Lipid","Lysolipid",34214,"LC/MS neg","C03819",NA,5479,619.4,NA,"C03819","kegg"
"1-linoleoylglycerophosphocholine","1-linoleoylglycerophosphocholine","Lipid","Lysolipid",34419,"LC/MS pos","C04100",NA,5574,520.4,NA,"C04100","kegg"
"1-methylimidazoleacetate","1-methylimidazoleacetate","Amino acid","Histidine metabolism",32350,"LC/MS pos","C05828","2625-49-2 ;",845,141.1,"HMDB02820","C05828","kegg"
"1-methylnicotinamide","1-methylnicotinamide","Cofactors and vitamins","Nicotinate and nicotinamide metabolism",27665,"LC/MS pos","C02918","1005-24-9;",688,137.1,"HMDB00699","C02918","kegg"
"1-myristoylglycerophosphocholine","1-myristoylglycerophosphocholine","Lipid","Lysolipid",35626,"LC/MS pos",NA,"20559-16-4;",5481,468.3,NA,"20559-16-4","CAS"
"1-oleoylglycerol (1-monoolein)","1-oleoylglycerol (1-monoolein)","Lipid","Monoacylglycerol",21184,"GC/MS","C01885","111-03-5;",2181.2,397.4,NA,"C01885","kegg"
"1-oleoylglycerophosphocholine","1-oleoylglycerophosphocholine","Lipid","Lysolipid",33960,"LC/MS pos","C03916","19420-56-5;",5700,522.4,"HMDB02815","C03916","kegg"
"1-oleoylglycerophosphoethanolamine","1-oleoylglycerophosphoethanolamine","Lipid","Lysolipid",35628,"LC/MS pos",NA,NA,5662,480.2,NA,NA,NA
"1-palmitoylglycerol (1-monopalmitin)","1-palmitoylglycerol (1-monopalmitin)","Lipid","Monoacylglycerol",21127,"GC/MS","C01885","542-44-9;",2119.5,371.3,NA,"C01885","kegg"
"1-palmitoylglycerophosphocholine","1-palmitoylglycerophosphocholine","Lipid","Lysolipid",33955,"LC/MS pos","C04102","17364-16-8;",5671,496.4,NA,"C04102","kegg"
"1-stearoylglycerol (1-monostearin)","1-stearoylglycerol (1-monostearin)","Lipid","Monoacylglycerol",21188,"GC/MS","C01885","123-94-4;",2186.6,399.4,NA,"C01885","kegg"
"1-stearoylglycerophosphocholine","1-stearoylglycerophosphocholine","Lipid","Lysolipid",33961,"LC/MS pos",NA,"19420-57-6;",5844,524.4,NA,"19420-57-6","CAS"
"1-stearoylglycerophosphoethanolamine","1-stearoylglycerophosphoethanolamine","Lipid","Lysolipid",34416,"LC/MS neg",NA,"69747-55-3;",6200,480.4,NA,"69747-55-3","CAS"
"1-stearoylglycerophosphoinositol","1-stearoylglycerophosphoinositol","Lipid","Lysolipid",19324,"LC/MS neg","C03819",NA,5800,599.4,NA,"C03819","kegg"
"1,3-dihydroxyacetone","1,3-dihydroxyacetone","Carbohydrate","Glycolysis, gluconeogenesis, pyruvate metabolism",35963,"GC/MS","C00184","62147-49-3;",1263,103,"HMDB01882","C00184","kegg"
"1,5-anhydroglucitol (1,5-AG)","1,5-anhydroglucitol (1,5-AG)","Carbohydrate","Glycolysis, gluconeogenesis, pyruvate metabolism",20675,"LC/MS neg","C07326","154-58-5;",808,163.2,"HMDB02712","C07326","kegg"
"10-heptadecenoate (17:1n7)","10-heptadecenoate (17:1n7)","Lipid","Long chain fatty acid",33971,"LC/MS neg",NA,"29743-97-3;",5558,267.3,NA,"29743-97-3","CAS"
"10-nonadecenoate (19:1n9)","10-nonadecenoate (19:1n9)","Lipid","Long chain fatty acid",33972,"LC/MS neg",NA,"73033-09-7;",5775,295.4,NA,"73033-09-7","CAS"
"2'-deoxyguanosine","2'-deoxyguanosine","Nucleotide","Purine metabolism, guanine containing",1411,"LC/MS pos","C00330","961-07-9;",1728,268,"HMDB00085","C00330","kegg"
"2'-deoxyinosine","2'-deoxyinosine","Nucleotide","Purine metabolism, (hypo)xanthine/inosine containing",15076,"LC/MS neg","C05512","890-38-0;",1700,251.1,"HMDB00071","C05512","kegg"
"2'-O-methylguanosine","2'-O-methylguanosine","Nucleotide","Purine metabolism, guanine containing",36811,"LC/MS neg","C04545","2140-71-8;",1901,296.2,NA,"C04545","kegg"
"2-aminoadipate","2-aminoadipate","Amino acid","Lysine metabolism",6146,"LC/MS pos","C00956","542-32-5;1118-90-7;",794,162.1,"HMDB00510","C00956","kegg"
"2-aminobutyrate","2-aminobutyrate","Amino acid","Butanoate metabolism",32348,"LC/MS pos","C02261","1492-24-6;",758,104.1,"HMDB00650","C02261","kegg"
"2-arachidonoylglycerophosphocholine*","2-arachidonoylglycerophosphocholine*","Lipid","Lysolipid",35256,"LC/MS pos",NA,NA,5524,544.3,NA,NA,NA
"2-arachidonoylglycerophosphoethanolamine*","2-arachidonoylglycerophosphoethanolamine*","Lipid","Lysolipid",34656,"LC/MS pos",NA,NA,5525,502.3,NA,NA,NA
"2-docosahexaenoylglycerophosphoethanolamine*","2-docosahexaenoylglycerophosphoethanolamine*","Lipid","Lysolipid",34258,"LC/MS pos",NA,NA,5512,526.2,NA,NA,NA
"2-docosapentaenoylglycerophosphoethanolamine*","2-docosapentaenoylglycerophosphoethanolamine*","Lipid","Lysolipid",34875,"LC/MS pos",NA,NA,5548,528.2,NA,NA,NA
"2-hydroxyacetaminophen sulfate*","2-hydroxyacetaminophen sulfate*","Xenobiotics","Drug",33173,"LC/MS neg",NA,NA,1703,246.1,NA,NA,NA
"2-hydroxybutyrate (AHB)","2-hydroxybutyrate (AHB)","Amino acid","Cysteine, methionine, SAM, taurine metabolism",21044,"GC/MS","C05984","3347-90-8;",1169.4,130.9,"HMDB00008","C05984","kegg"
"2-hydroxyglutarate","2-hydroxyglutarate","Lipid","Fatty acid, dicarboxylate",37253,"GC/MS","C02630","40951-21-1;",1576,247,"HMDB00606","C02630","kegg"
"2-hydroxyhippurate (salicylurate)","2-hydroxyhippurate (salicylurate)","Xenobiotics","Benzoate metabolism",18281,"LC/MS neg","C07588","487-54-7;",2252,194.1,"HMDB00840","C07588","kegg"
"2-hydroxypalmitate","2-hydroxypalmitate","Lipid","Fatty acid, monohydroxy",35675,"LC/MS neg",NA,"764-67-0;",5508,271.3,NA,"764-67-0","CAS"
"2-hydroxystearate","2-hydroxystearate","Lipid","Fatty acid, monohydroxy",17945,"LC/MS neg","C03045","629-22-1;",5705,299.4,NA,"C03045","kegg"
"2-linoleoylglycerophosphocholine*","2-linoleoylglycerophosphocholine*","Lipid","Lysolipid",35257,"LC/MS pos",NA,NA,5544,520.4,NA,NA,NA
"2-linoleoylglycerophosphoethanolamine*","2-linoleoylglycerophosphoethanolamine*","Lipid","Lysolipid",34666,"LC/MS pos",NA,NA,5541,478.3,NA,NA,NA
"2-methoxyacetaminophen sulfate*","2-methoxyacetaminophen sulfate*","Xenobiotics","Drug",33178,"LC/MS neg",NA,NA,1977,260.1,NA,NA,NA
"2-methylbutyroylcarnitine","2-methylbutyroylcarnitine","Amino acid","Valine, leucine and isoleucine metabolism",35431,"LC/MS pos",NA,"31023-25-3;",2439,246.1,"HMDB00378","HMDB00378","hmdb"
"2-methylmalonyl carnitine","2-methylmalonyl carnitine","Lipid","Carnitine metabolism",35482,"LC/MS pos",NA,"149181-64-6;",1539,262.1,NA,"149181-64-6","CAS"
"2-myristoylglycerophosphocholine*","2-myristoylglycerophosphocholine*","Lipid","Lysolipid",35681,"LC/MS pos",NA,NA,5450,468.3,NA,NA,NA
"2-oleoylglycerol (2-monoolein)","2-oleoylglycerol (2-monoolein)","Lipid","Monoacylglycerol",35848,"GC/MS",NA,"3443-84-3;",2170,410.1,NA,"3443-84-3","CAS"
"2-oleoylglycerophosphocholine*","2-oleoylglycerophosphocholine*","Lipid","Lysolipid",35254,"LC/MS pos",NA,NA,5640,522.4,NA,NA,NA
"2-oleoylglycerophosphoethanolamine*","2-oleoylglycerophosphoethanolamine*","Lipid","Lysolipid",35683,"LC/MS pos",NA,NA,5625,480.2,NA,NA,NA
"2-palmitoleoylglycerophosphocholine*","2-palmitoleoylglycerophosphocholine*","Lipid","Lysolipid",35819,"LC/MS pos",NA,NA,5482,494.3,NA,NA,NA
"2-palmitoleoylglycerophosphoethanolamine*","2-palmitoleoylglycerophosphoethanolamine*","Lipid","Lysolipid",34871,"LC/MS pos",NA,NA,5487,452.1,NA,NA,NA
"2-palmitoylglycerol (2-monopalmitin)","2-palmitoylglycerol (2-monopalmitin)","Lipid","Monoacylglycerol",33419,"GC/MS",NA,"23470-00-0;",2108,129,NA,"23470-00-0","CAS"
"2-palmitoylglycerophosphocholine*","2-palmitoylglycerophosphocholine*","Lipid","Lysolipid",35253,"LC/MS pos",NA,NA,5604,496.3,NA,NA,NA
"3-(4-hydroxyphenyl)lactate","3-(4-hydroxyphenyl)lactate","Amino acid","Phenylalanine & tyrosine metabolism",32197,"LC/MS neg","C03672","6482-98-0;",1395,181.1,"HMDB00755","C03672","kegg"
"3-aminoisobutyrate","3-aminoisobutyrate","Nucleotide","Pyrimidine metabolism, thymine containing; Valine, leucine and isoleucine metabolism/",1566,"GC/MS","C05145,C03284","10569-72-9;",1252.2,101.9,"HMDB03911","C05145,C03284","kegg"
"3-carboxy-4-methyl-5-propyl-2-furanpropanoate (CMPF)","3-carboxy-4-methyl-5-propyl-2-furanpropanoate (CMPF)","Lipid","Fatty acid, dicarboxylate",31787,"LC/MS neg",NA,"86879-39-2;",2815,239.1,NA,"86879-39-2","CAS"
"3-dehydrocarnitine*","3-dehydrocarnitine*","Lipid","Carnitine metabolism",32654,"LC/MS pos","C02636","10457-99-5;",1020,160.2,NA,"C02636","kegg"
"3-hydroxybutyrate (BHBA)","3-hydroxybutyrate (BHBA)","Lipid","Ketone bodies",542,"GC/MS","C01089","625-72-9;",1203.5,116.9,"HMDB00357","C01089","kegg"
"3-hydroxydecanoate","3-hydroxydecanoate","Lipid","Fatty acid, monohydroxy",22053,"LC/MS neg",NA,"5561-87-5;",4681,187.2,"HMDB02203","HMDB02203","hmdb"
"3-methyl-2-oxobutyrate","3-methyl-2-oxobutyrate","Amino acid","Valine, leucine and isoleucine metabolism",21047,"LC/MS neg","C00141","3715-29-5;",1489,115.1,"HMDB00019","C00141","kegg"
"3-methyl-2-oxovalerate","3-methyl-2-oxovalerate","Amino acid","Valine, leucine and isoleucine metabolism",15676,"LC/MS neg","C00671","51829-07-3;",2106,129.2,"HMDB03736","C00671","kegg"
"3-methylhistidine","3-methylhistidine","Amino acid","Histidine metabolism",15677,"LC/MS neg","C01152","368-16-1;",911,168.1,"HMDB00479,HMDB00001","C01152","kegg"
"3-phenylpropionate (hydrocinnamate)","3-phenylpropionate (hydrocinnamate)","Amino acid","Phenylalanine & tyrosine metabolism",15749,"LC/MS neg","C05629","501-52-0;",2830,149.1,"HMDB00764","C05629","kegg"
"3-phosphoglycerate","3-phosphoglycerate","Carbohydrate","Glycolysis, gluconeogenesis, pyruvate metabolism",1414,"GC/MS","C00597","80731-10-8;",1753.6,299,"HMDB00807","C00597","kegg"
"4-acetaminophen sulfate","4-acetaminophen sulfate","Xenobiotics","Drug",36097,"LC/MS neg",NA,"10066-90-7;32113-41-0;",1776,230.1,NA,"10066-90-7,32113-41-0","CAS"
"4-androsten-3beta,17beta-diol disulfate 1*","4-androsten-3beta,17beta-diol disulfate 1*","Lipid","Sterol/Steroid",37202,"LC/MS neg",NA,NA,3735,224.3,NA,NA,NA
"4-hydroxybutyrate (GHB)","4-hydroxybutyrate (GHB)","Lipid","Fatty acid, monohydroxy",34585,"GC/MS","C00989","502-85-2;",1277,233.1,"HMDB00710","C00989","kegg"
"4-hydroxyphenylpyruvate","4-hydroxyphenylpyruvate","Amino acid","Phenylalanine & tyrosine metabolism",1669,"LC/MS neg","C01179","156-39-8;",1716,179.1,"HMDB00707","C01179","kegg"
"4-methyl-2-oxopentanoate","4-methyl-2-oxopentanoate","Amino acid","Valine, leucine and isoleucine metabolism",22116,"LC/MS neg","C00233","816-66-0;",2200,129.2,"HMDB00695","C00233","kegg"
"4-octenedioate","4-octenedioate","Lipid","Fatty acid, dicarboxylate",31941,"LC/MS neg",NA,"38561-68-1;",752,171.1,"HMDB04982","HMDB04982","hmdb"
"5-aminovalerate","5-aminovalerate","Amino acid","Urea cycle; arginine-, proline-, metabolism",18319,"GC/MS","C00431","660-88-8;",1620.8,174,"HMDB03355","C00431","kegg"
"5-methylthioadenosine (MTA)","5-methylthioadenosine (MTA)","Amino acid","Polyamine metabolism",1419,"LC/MS pos","C00170","2457-80-9;",2427,298.1,"HMDB01173","C00170","kegg"
"5-oxoproline","5-oxoproline","Amino acid","Glutathione metabolism",1494,"LC/MS neg","C01879","98-79-3;",744,128.2,"HMDB00267","C01879","kegg"
"5,6-dihydrouracil","5,6-dihydrouracil","Nucleotide","Pyrimidine metabolism, uracil containing",1559,"GC/MS","C00429","504-07-4;",1505.2,243,"HMDB00076","C00429","kegg"
"5alpha-pregnan-3beta,20alpha-diol disulfate","5alpha-pregnan-3beta,20alpha-diol disulfate","Lipid","Sterol/Steroid",37198,"LC/MS neg",NA,NA,3962,239.3,NA,NA,NA
"6-phosphogluconate","6-phosphogluconate","Carbohydrate","Nucleotide sugars, pentose metabolism",15442,"LC/MS neg","C00345","921-62-0;",588,275.1,"HMDB01316","C00345","kegg"
"7-alpha-hydroxy-3-oxo-4-cholestenoate (7-Hoca)","7-alpha-hydroxy-3-oxo-4-cholestenoate (7-Hoca)","Lipid","Sterol/Steroid",36776,"LC/MS neg","C17337","115538-85-7;",5268,429.4,NA,"C17337","kegg"
"7-beta-hydroxycholesterol","7-beta-hydroxycholesterol","Lipid","Sterol/Steroid",35092,"GC/MS","C03594","566-27-8;",2340,456.4,"HMDB06119","C03594","kegg"
"acetylcarnitine","acetylcarnitine","Lipid","Carnitine metabolism",32198,"LC/MS pos",NA,"5080-50-2;",1203,204.2,NA,"5080-50-2","CAS"
"adenine","adenine","Nucleotide","Purine metabolism, adenine containing",554,"LC/MS pos","C00147","73-24-5;",1003,136.1,"HMDB00034","C00147","kegg"
"adenosine","adenosine","Nucleotide","Purine metabolism, adenine containing",555,"LC/MS pos","C00212","58-61-7;",1605,268.1,"HMDB00050","C00212","kegg"
"adenosine 2'-monophosphate (2'-AMP)","adenosine 2'-monophosphate (2'-AMP)","Nucleotide","Purine metabolism, adenine containing",36815,"LC/MS neg","C00946","130-49-4;",1497,346.1,"HMDB11617","C00946","kegg"
"adenosine 3'-monophosphate (3'-AMP)","adenosine 3'-monophosphate (3'-AMP)","Nucleotide","Purine metabolism, adenine containing",35142,"LC/MS neg","C01367","84-21-9;",1268,346.1,"HMDB03540","C01367","kegg"
"adenosine 5'-monophosphate (AMP)","adenosine 5'-monophosphate (AMP)","Nucleotide","Purine metabolism, adenine containing",32342,"LC/MS pos","C00020","149022-20-8;",1210,348.1,"HMDB00045","C00020","kegg"
"adenosine 5'diphosphoribose","adenosine 5'diphosphoribose","Cofactors and vitamins","Nicotinate and nicotinamide metabolism",558,"LC/MS neg","C00301","68414-18-6;",964,558.1,"HMDB01178","C00301","kegg"
"adrenate (22:4n6)","adrenate (22:4n6)","Lipid","Long chain fatty acid",32980,"LC/MS neg","C16527","2091-25-0;",5684,331.3,"HMDB02226","C16527","kegg"
"ADSGEGDFXAEGGGVR*","ADSGEGDFXAEGGGVR*","Peptide","Fibrinogen cleavage peptide",33084,"LC/MS pos",NA,NA,3239,769,NA,NA,NA
"alanine","alanine","Amino acid","Alanine and aspartate metabolism",1126,"GC/MS","C00041","56-41-7;",1147.6,115.9,"HMDB00161","C00041","kegg"
"alanylhistidine","alanylhistidine","Peptide","dipeptide",37090,"LC/MS neg",NA,NA,891,225,NA,NA,NA
"alanylleucine","alanylleucine","Peptide","Dipeptide",37093,"LC/MS pos",NA,NA,2150,203,NA,NA,NA
"allo-threonine","allo-threonine","Amino acid","Glycine, serine and threonine metabolism",15142,"GC/MS","C05519","28954-12-3;",1417.8,219,"HMDB04041,HMDB00167","C05519","kegg"
"alpha-ketoglutarate","alpha-ketoglutarate","Energy","Krebs cycle",33453,"GC/MS","C00026","305-72-6;22202-68-2;",1779,419.1,"HMDB00208","C00026","kegg"
"alpha-tocopherol","alpha-tocopherol","Cofactors and vitamins","Tocopherol metabolism",1561,"GC/MS","C02477","59-02-9;10191-41-0;",2305.4,502.5,"HMDB01893","C02477","kegg"
"andro steroid monosulfate 1*","andro steroid monosulfate 1*","Lipid","Sterol/Steroid",32827,"LC/MS neg",NA,NA,3925,385.2,NA,NA,NA
"andro steroid monosulfate 2*","andro steroid monosulfate 2*","Lipid","Sterol/Steroid",32792,"LC/MS neg",NA,NA,4240,383.2,NA,NA,NA
"androsterone sulfate","androsterone sulfate","Lipid","Sterol/Steroid",31591,"LC/MS neg","C00523","2479-86-9 ;",5011,369.2,"HMDB02759","C00523","kegg"
"arachidonate (20:4n6)","arachidonate (20:4n6)","Lipid","Long chain fatty acid",1110,"GC/MS","C00219","506-32-1;",2044.9,117,"HMDB01043","C00219","kegg"
"arginine","arginine","Amino acid","Urea cycle; arginine-, proline-, metabolism",1638,"LC/MS neg","C00062","1119-34-2;",728,173.2,"HMDB03416,HMDB00517","C00062","kegg"
"ascorbate (Vitamin C)","ascorbate (Vitamin C)","Cofactors and vitamins","Ascorbate and aldarate metabolism",1640,"GC/MS","C00072","134-03-2;",1850.1,332.1,"HMDB00044","C00072","kegg"
"asparagine","asparagine","Amino acid","Alanine and aspartate metabolism",512,"GC/MS","C00152","70-47-3;",1617.5,188,"HMDB00168","C00152","kegg"
"aspartate","aspartate","Amino acid","Alanine and aspartate metabolism",15996,"GC/MS","C00049","56-84-8;",1529.7,232,"HMDB00191","C00049","kegg"
"aspartylphenylalanine","aspartylphenylalanine","Peptide","Dipeptide",22175,"LC/MS pos",NA,"13433-09-5;",2538,281.1,"HMDB00706","HMDB00706","hmdb"
"behenate (22:0)","behenate (22:0)","Lipid","Long chain fatty acid",12125,"GC/MS","C08281","112-85-6;",2143,397.4,"HMDB00944","C08281","kegg"
"beta-alanine","beta-alanine","Amino acid","Alanine and aspartate metabolism",55,"GC/MS","C00099","56-41-7;107-95-9;",1451.8,174,"HMDB00056","C00099","kegg"
"beta-tocopherol","beta-tocopherol","Cofactors and vitamins","Tocopherol metabolism",35702,"GC/MS","C14152",NA,2260,488.3,"HMDB06335","C14152","kegg"
"betaine","betaine","Amino acid","Glycine, serine and threonine metabolism",3141,"LC/MS pos","C00719","107-43-7;",721,118.2,"HMDB00043","C00719","kegg"
"bilirubin (E,E)*","bilirubin (E,E)*","Cofactors and vitamins","Hemoglobin and porphyrin metabolism",32586,"LC/MS neg",NA,NA,4242,583.2,NA,NA,NA
"butyrylcarnitine","butyrylcarnitine","Lipid","Fatty acid metabolism (also BCAA metabolism)",32412,"LC/MS pos","C02862","25576-40-3;",2007,232.2,"HMDB02013","C02862","kegg"
"C-glycosyltryptophan*","C-glycosyltryptophan*","Amino acid","Tryptophan metabolism",32675,"LC/MS pos",NA,NA,1912,367.1,NA,NA,NA
"caproate (6:0)","caproate (6:0)","Lipid","Medium chain fatty acid",32489,"LC/MS neg","C01585","142-62-1;",2766,115.2,"HMDB00535","C01585","kegg"
"carnitine","carnitine","Lipid","Carnitine metabolism",15500,"LC/MS pos","C00487","461-05-2;",702,162.2,"HMDB00062","C00487","kegg"
"catechol sulfate","catechol sulfate","Xenobiotics","Benzoate metabolism",35320,"LC/MS neg","C00090",NA,1928,188.9,NA,"C00090","kegg"
"cholesterol","cholesterol","Lipid","Sterol/Steroid",63,"GC/MS","C00187","57-88-5;",2316.9,329.3,"HMDB00067","C00187","kegg"
"choline","choline","Lipid","Glycerolipid metabolism",15506,"LC/MS pos","C00114","67-48-1;",674,104.2,"HMDB00097","C00114","kegg"
"choline phosphate","choline phosphate","Lipid","Glycerolipid metabolism",34396,"LC/MS pos","C00588","72556-74-2;",695,184.1,"HMDB01565","C00588","kegg"
"cis-vaccenate (18:1n7)","cis-vaccenate (18:1n7)","Lipid","Long chain fatty acid",33970,"GC/MS","C08367","693-72-1;",1987,339.3,NA,"C08367","kegg"
"citrate","citrate","Energy","Krebs cycle",1564,"GC/MS","C00158","77-92-9;",1763.4,273.1,"HMDB00094","C00158","kegg"
"citrulline","citrulline","Amino acid","Urea cycle; arginine-, proline-, metabolism",2132,"LC/MS pos","C00327","372-75-8;",715,176.1,"HMDB00904","C00327","kegg"
"conjugated linoleate (18:2n7; 9Z,11E)","conjugated linoleate (18:2n7; 9Z,11E)","Lipid","Long chain fatty acid",27404,"GC/MS","C04056","2540-56-9;",2003,337.3,"HMDB05047,HMDB03797,HMDB05048","C04056","kegg"
"cortisol","cortisol","Lipid","Sterol/Steroid",1712,"LC/MS pos","C00735","50-23-7;",4573,363.2,"HMDB00063","C00735","kegg"
"creatine","creatine","Amino acid","Creatine metabolism",27718,"LC/MS pos","C00300","57-00-1;",758,132.1,"HMDB00064","C00300","kegg"
"creatinine","creatinine","Amino acid","Creatine metabolism",513,"LC/MS pos","C00791","60-27-5;",730,114.1,"HMDB00562","C00791","kegg"
"cystathionine","cystathionine","Amino acid","Cysteine, methionine, SAM, taurine metabolism",15705,"GC/MS","C02291","535-34-2;",1979.6,218.1,"HMDB00099","C02291","kegg"
"cysteine","cysteine","Amino acid","Cysteine, methionine, SAM, taurine metabolism",31453,"GC/MS","C00097","52-90-4;56-89-3;",1560.1,218,"HMDB00574","C00097","kegg"
"cysteine-glutathione disulfide","cysteine-glutathione disulfide","Amino acid","Glutathione metabolism",35159,"LC/MS pos",NA,"13081-14-6;",821,427.1,"HMDB00656","HMDB00656","hmdb"
"cystine","cystine","Amino acid","Cysteine, methionine, SAM, taurine metabolism",31454,"GC/MS","C00491","56-89-3;",2015.3,218,"HMDB00192","C00491","kegg"
"cytidine","cytidine","Nucleotide","Pyrimidine metabolism, cytidine containing",514,"LC/MS pos","C00475","65-46-3;",1105,244,"HMDB00089","C00475","kegg"
"cytidine 5'-diphosphocholine","cytidine 5'-diphosphocholine","Lipid","Glycerolipid metabolism",34418,"LC/MS pos","C00307","33818-15-4;",777,489.1,"HMDB01413","C00307","kegg"
"cytidine 5'-monophosphate (5'-CMP)","cytidine 5'-monophosphate (5'-CMP)","Nucleotide","Pyrimidine metabolism, cytidine containing",2372,"LC/MS pos","C00055","63-37-6;",887,324,"HMDB00095","C00055","kegg"
"dehydroisoandrosterone sulfate (DHEA-S)","dehydroisoandrosterone sulfate (DHEA-S)","Lipid","Sterol/Steroid",32425,"LC/MS neg","C04555",NA,4771,367.2,"HMDB01032","C04555","kegg"
"deoxycarnitine","deoxycarnitine","Lipid","Carnitine metabolism",36747,"LC/MS pos","C01181","6249-56-5;",759,146.1,"HMDB01161","C01181","kegg"
"desmethylnaproxen sulfate*","desmethylnaproxen sulfate*","Xenobiotics","Drug",34346,"LC/MS neg",NA,NA,2324,295.2,NA,NA,NA
"dihomo-linoleate (20:2n6)","dihomo-linoleate (20:2n6)","Lipid","Long chain fatty acid",17805,"LC/MS neg",NA,"2091-39-6;",5722,307.3,NA,"2091-39-6","CAS"
"dihomo-linolenate (20:3n3 or n6)","dihomo-linolenate (20:3n3 or n6)","Lipid","Essential fatty acid",35718,"LC/MS neg","C03242",NA,5600,305.4,"HMDB02925","C03242","kegg"
"dimethylarginine (SDMA + ADMA)","dimethylarginine (SDMA + ADMA)","Amino acid","Urea cycle; arginine-, proline-, metabolism",36808,"LC/MS pos","C03626",NA,812,203.2,"HMDB01539,HMDB03334","C03626","kegg"
"docosadienoate (22:2n6)","docosadienoate (22:2n6)","Lipid","Long chain fatty acid",32415,"LC/MS neg",NA,"7370-49-2 ;",6017,335.4,NA,"7370-49-2","CAS"
"docosahexaenoate (DHA; 22:6n3)","docosahexaenoate (DHA; 22:6n3)","Lipid","Essential fatty acid",19323,"LC/MS neg","C06429","6217-54-5;",5518,327.3,"HMDB02183","C06429","kegg"
"docosapentaenoate (n3 DPA; 22:5n3)","docosapentaenoate (n3 DPA; 22:5n3)","Lipid","Essential fatty acid",32504,"LC/MS neg","C16513","2234-74-4 ;",5574,329.4,"HMDB01976","C16513","kegg"
"docosatrienoate (22:3n3)","docosatrienoate (22:3n3)","Lipid","Long chain fatty acid",32417,"LC/MS neg","C16534","59708-86-0 ;",5825,333.4,"HMDB02823","C16534","kegg"
"eicosapentaenoate (EPA; 20:5n3)","eicosapentaenoate (EPA; 20:5n3)","Lipid","Essential fatty acid",18467,"LC/MS neg","C06428","10-2005-9;10417-94-4;",5442,301.3,"HMDB01999","C06428","kegg"
"eicosenoate (20:1n9 or 11)","eicosenoate (20:1n9 or 11)","Lipid","Long chain fatty acid",33587,"LC/MS neg",NA,NA,5955,309.4,"HMDB02231","HMDB02231","hmdb"
"epiandrosterone sulfate","epiandrosterone sulfate","Lipid","Sterol/Steroid",33973,"LC/MS neg","C07635","22229-22-7;",4838,369.3,NA,"C07635","kegg"
"erythronate*","erythronate*","Carbohydrate","Aminosugars metabolism",33477,"GC/MS","C01620","13752-84-6;",1546.9,292.1,"HMDB00613","C01620","kegg"
"ethanolamine","ethanolamine","Lipid","Glycerolipid metabolism",1497,"GC/MS","C00189","141-43-5;",1304,174.1,"HMDB00149","C00189","kegg"
"flavin adenine dinucleotide (FAD)","flavin adenine dinucleotide (FAD)","Cofactors and vitamins","Riboflavin metabolism",2134,"LC/MS neg","C00016","146-14-5;84366-81-4;",2413,784.1,"HMDB01248","C00016","kegg"
"fluoxitine","fluoxitine","Xenobiotics","Drug",12121,"LC/MS pos","D00326","59333-67-4;",4514,310.1,NA,"D00326","kegg"
"folate","folate","Cofactors and vitamins","Folate metabolism",1826,"LC/MS neg","C00504","59-30-3;",1519,440.2,"HMDB00121","C00504","kegg"
"fructose","fructose","Carbohydrate","Fructose, mannose, galactose, starch, and sucrose metabolism",577,"GC/MS","C00095","57-48-7;",1758,217,"HMDB00660","C00095","kegg"
"fructose-6-phosphate","fructose-6-phosphate","Carbohydrate","Glycolysis, gluconeogenesis, pyruvate metabolism",12021,"GC/MS","C05345","103213-47-4;",1994.9,315.1,"HMDB00124","C05345","kegg"
"fucose","fucose","Carbohydrate","Aminosugars metabolism",15821,"GC/MS","C00382","2438-80-4;",1682.2,204,"HMDB00174","C00382","kegg"
"fumarate","fumarate","Energy","Krebs cycle",1643,"GC/MS","C00122","100-17-8;",1382.1,245,"HMDB00134","C00122","kegg"
"galactose","galactose","Carbohydrate","Fructose, mannose, galactose, starch, and sucrose metabolism",12055,"GC/MS","C01662","59-23-4;",1793.8,203.9,"HMDB00143","C01662","kegg"
"gamma-aminobutyrate (GABA)","gamma-aminobutyrate (GABA)","Amino acid","Glutamate metabolism",1416,"GC/MS","C00334","56-12-2;",1539.7,304.1,"HMDB00112","C00334","kegg"
"gamma-glutamylalanine","gamma-glutamylalanine","Peptide","gamma-glutamyl",37063,"LC/MS pos",NA,"5875-41-2;",1108,219,NA,"5875-41-2","CAS"
"gamma-glutamylglutamate","gamma-glutamylglutamate","Peptide","gamma-glutamyl",36738,"LC/MS pos",NA,"1116-22-9;",1036,277.1,NA,"1116-22-9","CAS"
"gamma-glutamylglutamine","gamma-glutamylglutamine","Peptide","gamma-glutamyl",2730,"LC/MS pos",NA,"10148-81-9;",806,276.1,NA,"10148-81-9","CAS"
"gamma-glutamylisoleucine*","gamma-glutamylisoleucine*","Peptide","gamma-glutamyl",34456,"LC/MS pos",NA,NA,2644,261.2,NA,NA,NA
"gamma-glutamylleucine","gamma-glutamylleucine","Peptide","gamma-glutamyl",18369,"LC/MS pos",NA,"2566-39-4;",2744,261.2,NA,"2566-39-4","CAS"
"gamma-glutamylmethionine*","gamma-glutamylmethionine*","Peptide","gamma-glutamyl",33363,"LC/MS pos",NA,"17663-87-5;",2000,279.1,NA,"17663-87-5","CAS"
"gamma-glutamyltyrosine","gamma-glutamyltyrosine","Peptide","gamma-glutamyl",2734,"LC/MS pos",NA,"7432-23-7;",2073,311.2,NA,"7432-23-7","CAS"
"gamma-tocopherol","gamma-tocopherol","Cofactors and vitamins","Tocopherol metabolism",33420,"GC/MS","C02483","54-28-4;",2264,488.4,"HMDB01492","C02483","kegg"
"gluconate","gluconate","Carbohydrate","Nucleotide sugars, pentose metabolism",587,"GC/MS","C00257","527-07-1;",1879.4,333,"HMDB00625","C00257","kegg"
"glucose","glucose","Carbohydrate","Glycolysis, gluconeogenesis, pyruvate metabolism",20488,"GC/MS","C00293","50-99-7;",1866.8,217.1,"HMDB00122","C00293","kegg"
"glucose-6-phosphate (G6P)","glucose-6-phosphate (G6P)","Carbohydrate","Glycolysis, gluconeogenesis, pyruvate metabolism",31260,"GC/MS","C00668","103192-55-8;",2042.7,387.2,"HMDB01401","C00668","kegg"
"glucuronate","glucuronate","Carbohydrate","Glycolysis, gluconeogenesis, pyruvate metabolism",15443,"GC/MS","C00191","207300-70-7;",1886.5,217,"HMDB00127","C00191","kegg"
"glutamate","glutamate","Amino acid","Glutamate metabolism",57,"GC/MS","C00025","56-86-0;",1611.9,246,"HMDB03339","C00025","kegg"
"glutamine","glutamine","Amino acid","Glutamate metabolism",53,"LC/MS pos","C00064","56-85-9;",684,147.2,"HMDB00641","C00064","kegg"
"glutathione, oxidized (GSSG)","glutathione, oxidized (GSSG)","Amino acid","Glutathione metabolism",27727,"LC/MS pos","C00127","103239-24-3;",1496,613.1,"HMDB03337","C00127","kegg"
"glutathione, reduced (GSH)","glutathione, reduced (GSH)","Amino acid","Glutathione metabolism",2127,"LC/MS pos","C00051","70-18-8;",1274,308.1,"HMDB00125","C00051","kegg"
"glycerate","glycerate","Carbohydrate","Glycolysis, gluconeogenesis, pyruvate metabolism",1572,"GC/MS","C00258","600-19-1;",1360.7,189,"HMDB00139","C00258","kegg"
"glycerol","glycerol","Lipid","Glycerolipid metabolism",15122,"GC/MS","C00116","56-81-5;",1308,205,"HMDB00131","C00116","kegg"
"glycerol 2-phosphate","glycerol 2-phosphate","Xenobiotics","Chemical",27728,"GC/MS","C02979","819-83-0;",1691.8,243,"HMDB02520","C02979","kegg"
"glycerol 3-phosphate (G3P)","glycerol 3-phosphate (G3P)","Lipid","Glycerolipid metabolism",15365,"GC/MS","C00093","29849-82-9;",1719.7,357.1,"HMDB00126","C00093","kegg"
"glycerophosphorylcholine (GPC)","glycerophosphorylcholine (GPC)","Lipid","Glycerolipid metabolism",15990,"LC/MS pos",NA,"28319-77-9;",694,258.1,NA,"28319-77-9","CAS"
"glycine","glycine","Amino acid","Glycine, serine and threonine metabolism",11777,"GC/MS","C00037","56-40-6;",1166,101.9,"HMDB00123","C00037","kegg"
"glycochenodeoxycholate","glycochenodeoxycholate","Lipid","Bile acid metabolism",32346,"LC/MS neg",NA,"16564-43-5;",5245,448.4,NA,"16564-43-5","CAS"
"glycocholate","glycocholate","Lipid","Bile acid metabolism",18476,"LC/MS neg","C01921","475-31-0;863-57-0;",5104,464.4,NA,"C01921","kegg"
"glycodeoxycholate","glycodeoxycholate","Lipid","Bile acid metabolism",18477,"LC/MS pos","C05464","360-65-6;",5341,450.1,"HMDB00631","C05464","kegg"
"glycolithocholate sulfate*","glycolithocholate sulfate*","Lipid","Bile acid metabolism",32620,"LC/MS neg","C11301",NA,5015,512.3,"HMDB02639","C11301","kegg"
"glycylglycine","glycylglycine","Peptide","Dipeptide",21030,"GC/MS","C02037","556-50-3;",1447.3,258.1,"HMDB11733","C02037","kegg"
"glycylleucine","glycylleucine","Peptide","Dipeptide",34398,"LC/MS pos","C02155","869-19-2;",2236,189.1,"HMDB00759","C02155","kegg"
"glycylproline","glycylproline","Peptide","Dipeptide",22171,"LC/MS pos",NA,"704-15-4;",1115,173.1,"HMDB00721","HMDB00721","hmdb"
"glycylvaline","glycylvaline","Peptide","Dipeptide",18357,"LC/MS pos",NA,"1963-21-9;",1572,175.1,NA,"1963-21-9","CAS"
"guanine","guanine","Nucleotide","Purine metabolism, guanine containing",32352,"LC/MS pos","C00242","73-40-5;",1022,152.1,"HMDB00132","C00242","kegg"
"guanosine","guanosine","Nucleotide","Purine metabolism, guanine containing",1573,"LC/MS pos","C00387","118-00-3;",1676,284,"HMDB00133","C00387","kegg"
"heme*","heme*","Cofactors and vitamins","Hemoglobin and porphyrin",32593,"LC/MS pos","C00032","14875-96-8;",4985,616.2,"HMDB03178","C00032","kegg"
"hexanoylcarnitine","hexanoylcarnitine","Lipid","Carnitine metabolism",32328,"LC/MS pos",NA,"6920-35-0;",3174,260.2,"HMDB00705","HMDB00705","hmdb"
"hippurate","hippurate","Xenobiotics","Benzoate metabolism",15753,"LC/MS neg","C01586","495-69-2;",2136,178.1,"HMDB00714","C01586","kegg"
"histamine","histamine","Amino acid","Histidine metabolism",1574,"LC/MS pos","C00388","51-45-6;",570,112.2,"HMDB00870","C00388","kegg"
"histidine","histidine","Amino acid","Histidine metabolism",59,"LC/MS neg","C00135","5934-29-2;",757,154.1,"HMDB00177","C00135","kegg"
"homocarnosine","homocarnosine","Peptide","Dipeptide derivative",1633,"LC/MS neg","C00884","3650-73-5;",862,239.2,"HMDB00745","C00884","kegg"
"homocysteine","homocysteine","Amino acid","Cysteine, methionine, SAM, taurine metabolism",15128,"GC/MS","C00155","454-29-5;",1648.2,128,"HMDB00742","C00155","kegg"
"hydroxyisovaleroyl carnitine","hydroxyisovaleroyl carnitine","Amino acid","Valine, leucine and isoleucine metabolism",35433,"LC/MS pos",NA,"99159-87-2;",1683,262.1,NA,"99159-87-2","CAS"
"hypoxanthine","hypoxanthine","Nucleotide","Purine metabolism, (hypo)xanthine/inosine containing",3127,"LC/MS neg","C00262","68-94-0;",1313,135.1,"HMDB00157","C00262","kegg"
"ibuprofen","ibuprofen","Xenobiotics","Drug",17799,"LC/MS neg","C01588,D00126","15687-27-1 ;",4951,205.1,"HMDB01925","C01588,D00126","kegg"
"inosine","inosine","Nucleotide","Purine metabolism, (hypo)xanthine/inosine containing",1123,"LC/MS neg","C00294","58-63-9;",1630,267.2,"HMDB00195","C00294","kegg"
"inositol 1-phosphate (I1P)","inositol 1-phosphate (I1P)","Lipid","Inositol metabolism",1481,"GC/MS","C01177","106032-59-1;",2057.8,318.1,"HMDB02985,HMDB00213","C01177","kegg"
"Isobar: fructose 1,6-diphosphate, glucose 1,6-diphosphate","Isobar: fructose 1,6-diphosphate, glucose 1,6-diphosphate","Carbohydrate","Glycolysis, gluconeogenesis, pyruvate metabolism",36984,"LC/MS neg",NA,NA,572,339,NA,NA,NA
"Isobar: ribulose 5-phosphate, xylulose 5-phosphate","Isobar: ribulose 5-phosphate, xylulose 5-phosphate","Carbohydrate","Nucleotide sugars, pentose metabolism",37288,"GC/MS",NA,NA,1935,357.2,NA,NA,NA
"isobutyrylcarnitine","isobutyrylcarnitine","Amino acid","Valine, leucine and isoleucine metabolism",33441,"LC/MS pos",NA,"25518-49-4;",1941,232.2,"HMDB00736","HMDB00736","hmdb"
"isoleucine","isoleucine","Amino acid","Valine, leucine and isoleucine metabolism",1125,"LC/MS pos","C00407","73-32-5;",1614,132.1,"HMDB00172","C00407","kegg"
"isovalerylcarnitine","isovalerylcarnitine","Amino acid","Valine, leucine and isoleucine metabolism",34407,"LC/MS pos",NA,NA,2533,246.2,"HMDB00688","HMDB00688","hmdb"
"kynurenine","kynurenine","Amino acid","Tryptophan metabolism",15140,"LC/MS pos","C00328","2922-83-0;",1902,209.1,"HMDB00684","C00328","kegg"
"lactate","lactate","Carbohydrate","Glycolysis, gluconeogenesis, pyruvate metabolism",527,"GC/MS","C00186","79-33-4;",1102.8,116.9,"HMDB00190","C00186","kegg"
"laurate (12:0)","laurate (12:0)","Lipid","Medium chain fatty acid",1645,"LC/MS neg","C02679","143-07-7;",5288,199.3,"HMDB00638","C02679","kegg"
"laurylcarnitine","laurylcarnitine","Lipid","Carnitine metabolism",34534,"LC/MS pos",NA,NA,5066,344.3,NA,NA,NA
"leucine","leucine","Amino acid","Valine, leucine and isoleucine metabolism",60,"LC/MS pos","C00123","61-90-5;",1674,132.2,"HMDB00687","C00123","kegg"
"lidocaine","lidocaine","Xenobiotics","Drug",35661,"LC/MS neg","D04052,D00358","137-58-6;",5216,233.2,NA,"D04052,D00358","kegg"
"linoleate (18:2n6)","linoleate (18:2n6)","Lipid","Long chain fatty acid",1105,"LC/MS neg","C01595","60-33-3;",5533,279.3,"HMDB00673","C01595","kegg"
"linolenate [alpha or gamma; (18:3n3 or 6)]","linolenate [alpha or gamma; (18:3n3 or 6)]","Lipid","Essential fatty acid",34035,"LC/MS neg","C06427",NA,5450,277.3,"HMDB01388","C06427","kegg"
"lysine","lysine","Amino acid","Lysine metabolism",1301,"LC/MS pos","C00047","56-87-1;",603,147.2,"HMDB00182","C00047","kegg"
"malate","malate","Energy","Krebs cycle",1303,"GC/MS","C00149","6915-15-7;",1502,233,"HMDB00156","C00149","kegg"
"malonate (propanedioate)","malonate (propanedioate)","Lipid","Mevalonate metabolism",15872,"LC/MS neg","C00383","141-82-2;",606,103.2,"HMDB00691","C00383","kegg"
"maltopentaose","maltopentaose","Carbohydrate","Fructose, mannose, galactose, starch, and sucrose metabolism",35163,"LC/MS neg","C06218","34620-76-3;",1100,827,"HMDB12254","C06218","kegg"
"maltose","maltose","Carbohydrate","Fructose, mannose, galactose, starch, and sucrose metabolism",15806,"GC/MS","C00208","6363-53-7;",2142.1,204.1,"HMDB00163","C00208","kegg"
"maltotetraose","maltotetraose","Carbohydrate","Fructose, mannose, galactose, starch, and sucrose metabolism",15910,"LC/MS neg","C02052","34612-38-9;",965,665.1,"HMDB01296","C02052","kegg"
"maltotriose","maltotriose","Carbohydrate","Fructose, mannose, galactose, starch, and sucrose metabolism",27723,"GC/MS","C01835","1109-28-0;",2368.3,361.2,"HMDB01262","C01835","kegg"
"mannitol","mannitol","Carbohydrate","Fructose, mannose, galactose, starch, and sucrose metabolism",15335,"GC/MS","C00392","69-65-8;",1839,319.1,"HMDB00765","C00392","kegg"
"mannose","mannose","Carbohydrate","Fructose, mannose, galactose, starch, and sucrose metabolism",584,"GC/MS","C00159","3458-28-4;",1753.5,203.9,"HMDB00169","C00159","kegg"
"mannose-6-phosphate","mannose-6-phosphate","Carbohydrate","Fructose, mannose, galactose, starch, and sucrose metabolism",1470,"GC/MS","C00275","70442-25-0;104872-94-8;",2035.9,387.2,"HMDB01078","C00275","kegg"
"margarate (17:0)","margarate (17:0)","Lipid","Long chain fatty acid",1121,"LC/MS neg",NA,"506-12-7;",5733,269.3,"HMDB02259","HMDB02259","hmdb"
"methionine","methionine","Amino acid","Cysteine, methionine, SAM, taurine metabolism",1302,"LC/MS pos","C00073","63-68-3;",1252,150.1,"HMDB00696","C00073","kegg"
"methionine sulfoxide","methionine sulfoxide","Amino acid","Cysteine, methionine, SAM, taurine metabolism",18374,"LC/MS pos","C02989","3226-65-1;",729,166.1,"HMDB02005","C02989","kegg"
"methyl-4-hydroxybenzoate","methyl-4-hydroxybenzoate","Xenobiotics","Benzoate metabolism",34386,"LC/MS neg","D02458,D01400","99-76-3;",3849,151.1,NA,"D02458,D01400","kegg"
"methylphosphate","methylphosphate","Energy","Oxidative phosphorylation",37070,"GC/MS",NA,"7023-27-0;",1221,240.9,NA,"7023-27-0","CAS"
"metoprolol","metoprolol","Xenobiotics","Drug",18037,"LC/MS pos","C07202,D02358","56392-17-7;",3205,268.2,"HMDB01932","C07202,D02358","kegg"
"metoprolol acid metabolite*","metoprolol acid metabolite*","Xenobiotics","Drug",34109,"LC/MS pos",NA,NA,2535,268.2,NA,NA,NA
"myo-inositol","myo-inositol","Lipid","Inositol metabolism",19934,"GC/MS","C00137","87-89-8;",1924.9,217,"HMDB00211","C00137","kegg"
"myristate (14:0)","myristate (14:0)","Lipid","Long chain fatty acid",1365,"LC/MS neg","C06424","544-63-8;",5439,227.3,"HMDB00806","C06424","kegg"
"myristoleate (14:1n5)","myristoleate (14:1n5)","Lipid","Long chain fatty acid",32418,"LC/MS neg","C08322","544-64-9 ;",5338,225.3,"HMDB02000","C08322","kegg"
"N-acetyl-aspartyl-glutamate (NAAG)","N-acetyl-aspartyl-glutamate (NAAG)","Amino acid","Glutamate metabolism",35665,"LC/MS pos","C12270","3106-85-2;",1563,305,"HMDB01067","C12270","kegg"
"N-acetylalanine","N-acetylalanine","Amino acid","Alanine and aspartate metabolism",1585,"LC/MS neg","C02847","97-69-8;",882,130.1,"HMDB00766","C02847","kegg"
"N-acetylaspartate (NAA)","N-acetylaspartate (NAA)","Amino acid","Alanine and aspartate metabolism",22185,"GC/MS","C01042","997-55-7;997-55-7 ;",1648.5,274,"HMDB00812","C01042","kegg"
"N-acetylglucosamine","N-acetylglucosamine","Carbohydrate","Aminosugars metabolism",15095,"GC/MS","C03878","7512-17-6;",1903.3,245,"HMDB00215,HMDB00803","C03878","kegg"
"N-acetylglucosamine 6-phosphate","N-acetylglucosamine 6-phosphate","Carbohydrate","Aminosugars metabolism",15107,"LC/MS neg","C00357","102029-88-9;",628,300.1,"HMDB02817,HMDB01062","C00357","kegg"
"N-acetylisoleucine","N-acetylisoleucine","Amino acid","Valine, leucine and isoleucine metabolism",33967,"LC/MS neg",NA,NA,2279,172.2,NA,NA,NA
"N-acetylmannosamine","N-acetylmannosamine","Carbohydrate","Aminosugars metabolism",15060,"GC/MS","C00140","7772-94-3;",1915.9,245.1,"HMDB00835","C00140","kegg"
"N-acetylmethionine","N-acetylmethionine","Amino acid","Cysteine, methionine, SAM, taurine metabolism",1589,"LC/MS pos","C02712","65-82-7;",2588,192.1,"HMDB11745","C02712","kegg"
"N-acetylneuraminate","N-acetylneuraminate","Carbohydrate","Aminosugars metabolism",32377,"LC/MS pos","C00270","131-48-6;",787,310,"HMDB00230","C00270","kegg"
"N-acetylornithine","N-acetylornithine","Amino acid","Urea cycle; arginine-, proline-, metabolism",15630,"LC/MS pos","C00437","6205-08-9;",875,175.2,"HMDB03357","C00437","kegg"
"N-acetylserine","N-acetylserine","Amino acid","Glycine, serine and threonine metabolism",37076,"LC/MS pos",NA,"97-14-3;",1012,148,"HMDB02931","HMDB02931","hmdb"
"N-acetylthreonine","N-acetylthreonine","Amino acid","Glycine, serine and threonine metabolism",33939,"LC/MS neg",NA,NA,846,160.1,NA,NA,NA
"N-acetyltryptophan","N-acetyltryptophan","Amino acid","Tryptophan metabolism",33959,"LC/MS neg","C03137","1218-34-4;",2650,245.2,NA,"C03137","kegg"
"N-ethylglycinexylidide*","N-ethylglycinexylidide*","Xenobiotics","Drug",33080,"LC/MS pos",NA,NA,2584,207.2,NA,NA,NA
"N-formylmethionine","N-formylmethionine","Amino acid","Cysteine, methionine, SAM, taurine metabolism",2829,"LC/MS neg","C03145","4289-98-9;",1541,176.1,"HMDB01015","C03145","kegg"
"N1-methyladenosine","N1-methyladenosine","Nucleotide","Purine metabolism, adenine containing",15650,"LC/MS pos","C02494","15763-06-1;",1356,282.1,"HMDB03331","C02494","kegg"
"N1-methylguanosine","N1-methylguanosine","Nucleotide","Purine metabolism, guanine containing",31609,"LC/MS pos",NA,"2140-65-0;",1850,298.1,"HMDB01563","HMDB01563","hmdb"
"N2,N2-dimethylguanosine","N2,N2-dimethylguanosine","Nucleotide","Purine metabolism, guanine containing",35137,"LC/MS pos",NA,"2140-67-2;",2157,312.1,"HMDB04824","HMDB04824","hmdb"
"N6-acetyllysine","N6-acetyllysine","Amino acid","Lysine metabolism",36752,"LC/MS pos","C02727","692-04-6;",1134,189.1,"HMDB00206","C02727","kegg"
"naproxen","naproxen","Xenobiotics","Drug",12122,"LC/MS neg","C01517","22204-53-1;",4168,228.9,"D00118","C01517","kegg"
"nicotinamide","nicotinamide","Cofactors and vitamins","Nicotinate and nicotinamide metabolism",31480,"GC/MS","C00153","98-92-0;",1493.7,151,"HMDB01406","C00153","kegg"
"nicotinamide adenine dinucleotide (NAD+)","nicotinamide adenine dinucleotide (NAD+)","Cofactors and vitamins","Nicotinate and nicotinamide metabolism",5278,"LC/MS pos","C00003","53-84-9;",1370,664,"HMDB00902","C00003","kegg"
"nicotinate","nicotinate","Cofactors and vitamins","Nicotinate and nicotinamide metabolism",1504,"LC/MS neg","C00253","59-67-6;",1221,122.1,"HMDB01488","C00253","kegg"
"octanoylcarnitine","octanoylcarnitine","Lipid","Carnitine metabolism",33936,"LC/MS pos",NA,"3671-77-0;",4100,288.3,NA,"3671-77-0","CAS"
"oleate (18:1n9)","oleate (18:1n9)","Lipid","Long chain fatty acid",1359,"GC/MS","C00712","112-80-1;",1984.4,339.2,"HMDB00207","C00712","kegg"
"oleoylcarnitine","oleoylcarnitine","Lipid","Carnitine metabolism",35160,"LC/MS pos",NA,NA,5202,426.4,NA,NA,NA
"ophthalmate","ophthalmate","Amino acid","Glutathione metabolism",34592,"LC/MS pos",NA,"495-27-2;",1457,290.1,"HMDB05765","HMDB05765","hmdb"
"ornithine","ornithine","Amino acid","Urea cycle; arginine-, proline-, metabolism",1493,"GC/MS","C00077","3184-13-2;",1763.8,141.9,"HMDB03374","C00077","kegg"
"p-acetamidophenylglucuronide","p-acetamidophenylglucuronide","Xenobiotics","Drug",33423,"LC/MS neg",NA,"120595-80-4;",1377,326.1,NA,"120595-80-4","CAS"
"p-cresol sulfate","p-cresol sulfate","Amino acid","Phenylalanine & tyrosine metabolism",36103,"LC/MS neg","C01468","3233-57-7;",2896,187.1,NA,"C01468","kegg"
"palmitate (16:0)","palmitate (16:0)","Lipid","Long chain fatty acid",1336,"LC/MS neg","C00249","57-10-3;",5619,255.3,"HMDB00220","C00249","kegg"
"palmitoleate (16:1n7)","palmitoleate (16:1n7)","Lipid","Long chain fatty acid",33447,"LC/MS neg","C08362","373-49-9;",5477,253.3,"HMDB03229","C08362","kegg"
"palmitoylcarnitine","palmitoylcarnitine","Lipid","Carnitine metabolism",22189,"LC/MS pos","C02990","6865-14-1;",5179,400.4,"HMDB00222","C02990","kegg"
"pantothenate","pantothenate","Cofactors and vitamins","Pantothenate and CoA metabolism",1508,"LC/MS pos","C00864","137-08-6;",2218,220.1,"HMDB00210","C00864","kegg"
"phenol red","phenol red","Xenobiotics","Chemical",36817,"LC/MS neg","C12600,D01200","143-74-8;",3650,353.1,NA,"C12600,D01200","kegg"
"phenol sulfate","phenol sulfate","Amino acid","Phenylalanine & tyrosine metabolism",32553,"LC/MS neg","C02180","937-34-8;",2199,173.1,NA,"C02180","kegg"
"phenylacetylglutamine","phenylacetylglutamine","Amino acid","Phenylalanine & tyrosine metabolism",35126,"LC/MS pos","C05597","28047-15-6;",2868,265.2,"HMDB06344","C05597","kegg"
"phenylacetylglycine","phenylacetylglycine","Amino acid","Phenylalanine & tyrosine metabolism",33945,"LC/MS neg","C05598","500-98-1;",2377,192.1,"HMDB00821","C05598","kegg"
"phenylalanine","phenylalanine","Amino acid","Phenylalanine & tyrosine metabolism",64,"LC/MS pos","C00079","63-91-2;",2056,166.1,"HMDB00159","C00079","kegg"
"phenyllactate (PLA)","phenyllactate (PLA)","Amino acid","Phenylalanine & tyrosine metabolism",22130,"LC/MS neg","C05607","828-01-3;",2237,165.1,"HMDB00779","C05607","kegg"
"phenylpyruvate","phenylpyruvate","Amino acid","Phenylalanine & tyrosine metabolism",566,"LC/MS neg","C00166","156-06-9;",2534,163.1,"HMDB00205","C00166","kegg"
"phosphate","phosphate","Energy","Oxidative phosphorylation",11438,"GC/MS","C00009","7664-38-2 ;",1307.7,298.9,"HMDB01429","C00009","kegg"
"phosphoenolpyruvate (PEP)","phosphoenolpyruvate (PEP)","Carbohydrate","Glycolysis, gluconeogenesis, pyruvate metabolism",597,"GC/MS","C00074","10526-80-4;",1595.4,369,"HMDB00263","C00074","kegg"
"phosphoethanolamine","phosphoethanolamine","Lipid","Glycerolipid metabolism",12102,"GC/MS","C00346","1071-23-4;",1577.3,299.1,"HMDB00224","C00346","kegg"
"phytosphingosine","phytosphingosine","Lipid","Sphingolipid",1510,"LC/MS pos","C12144","554-62-1;",5189,318.4,"HMDB04610","C12144","kegg"
"pipecolate","pipecolate","Amino acid","Lysine metabolism",1444,"GC/MS","C00408","4043-87-2;",1396.1,156,"HMDB00070","C00408","kegg"
"pregn steroid monosulfate*","pregn steroid monosulfate*","Lipid","Sterol/Steroid",32619,"LC/MS neg",NA,NA,4998,397.3,NA,NA,NA
"pregnen-diol disulfate*","pregnen-diol disulfate*","Lipid","Sterol/Steroid",32562,"LC/MS neg",NA,NA,3902,238.3,NA,NA,NA
"proline","proline","Amino acid","Urea cycle; arginine-, proline-, metabolism",1898,"LC/MS pos","C00148","147-85-3;",796,116.1,"HMDB00162","C00148","kegg"
"propionylcarnitine","propionylcarnitine","Lipid","Fatty acid metabolism (also BCAA metabolism)",32452,"LC/MS pos","C03017","17298-37-2 ;",1589,218.2,"HMDB00824","C03017","kegg"
"pseudouridine","pseudouridine","Nucleotide","Pyrimidine metabolism, uracil containing",33442,"LC/MS neg","C02067","1445-07-4;",1104,243.1,"HMDB00767","C02067","kegg"
"putrescine","putrescine","Amino acid","Polyamine metabolism",1408,"GC/MS","C00134","110-60-1;",1705.8,174,"HMDB01414","C00134","kegg"
"pyridoxate","pyridoxate","Cofactors and vitamins","Vitamin B6 metabolism",31555,"LC/MS neg","C00847","82-82-6 ;",2210,182.1,"HMDB00017","C00847","kegg"
"pyridoxine (Vitamin B6)","pyridoxine (Vitamin B6)","Cofactors and vitamins","Vitamin B6 metabolism",608,"LC/MS neg","C00314","58-56-0;",1625,168.1,"HMDB02075","C00314","kegg"
"pyroglutamine*","pyroglutamine*","Amino acid","Glutamate metabolism",32672,"LC/MS pos",NA,NA,764,129.2,NA,NA,NA
"pyroglutamylvaline","pyroglutamylvaline","Peptide","Dipeptide",32394,"LC/MS neg",NA,NA,1755,227.2,NA,NA,NA
"pyrophosphate (PPi)","pyrophosphate (PPi)","Energy","Oxidative phosphorylation",2078,"GC/MS","C00013","1466-09-3;",1642.3,451,"HMDB00250","C00013","kegg"
"pyruvate","pyruvate","Carbohydrate","Glycolysis, gluconeogenesis, pyruvate metabolism",599,"GC/MS","C00022","127-17-3;",1130.6,217,"HMDB00243","C00022","kegg"
"quinolinate","quinolinate","Cofactors and vitamins","Nicotinate and nicotinamide metabolism",1899,"LC/MS neg","C03722","89-00-9;",632,166.1,"HMDB00232","C03722","kegg"
"ribitol","ribitol","Carbohydrate","Nucleotide sugars, pentose metabolism",15772,"GC/MS","C00474","488-81-3;",1692.4,217,"HMDB00508","C00474","kegg"
"riboflavin (Vitamin B2)","riboflavin (Vitamin B2)","Cofactors and vitamins","Riboflavin metabolism",1827,"LC/MS pos","C00255","83-88-5;",3111,377.2,"HMDB00244","C00255","kegg"
"ribose","ribose","Carbohydrate","Nucleotide sugars, pentose metabolism",12083,"GC/MS","C00121","50-69-1;",1650.2,204,"HMDB00283","C00121","kegg"
"ribulose","ribulose","Carbohydrate","Nucleotide sugars, pentose metabolism",35855,"GC/MS","C08354,C00309,C00310,C00312,C00508","488-84-6;",1662,306.1,"HMDB00621,HMDB03371","C08354,C00309,C00310,C00312,C00508","kegg"
"S-adenosylhomocysteine (SAH)","S-adenosylhomocysteine (SAH)","Amino acid","Cysteine, methionine, SAM, taurine metabolism",15948,"LC/MS pos","C00021","979-92-0;",1480,385.1,"HMDB00939","C00021","kegg"
"S-adenosylmethionine (SAM)","S-adenosylmethionine (SAM)","Amino acid","Cysteine, methionine, SAM, taurine metabolism",15915,"LC/MS pos","C00019","24346-00-7;",676,399.1,"HMDB01185","C00019","kegg"
"salicylate","salicylate","Xenobiotics","Drug",1515,"LC/MS neg","C00805","69-72-7;",2226,137.1,"HMDB01895","C00805","kegg"
"sarcosine (N-Methylglycine)","sarcosine (N-Methylglycine)","Amino acid","Glycine, serine and threonine metabolism",1516,"GC/MS","C00213","107-97-1;",1182.9,116,"HMDB00271","C00213","kegg"
"scyllo-inositol","scyllo-inositol","Lipid","Inositol metabolism",32379,"GC/MS","C06153","488-59-5;",1893.8,318.2,"HMDB06088","C06153","kegg"
"sebacate (decanedioate)","sebacate (decanedioate)","Lipid","Fatty acid, dicarboxylate",32398,"LC/MS neg","C08277","111-20-6;",1778,201.2,"HMDB00792","C08277","kegg"
"sedoheptulose-7-phosphate","sedoheptulose-7-phosphate","Carbohydrate","Nucleotide sugars, pentose metabolism",35649,"GC/MS","C05382","2646-35-7;",2070,691.5,"HMDB01068","C05382","kegg"
"serine","serine","Amino acid","Glycine, serine and threonine metabolism",1648,"GC/MS","C00065","56-45-1;",1389.1,204,"HMDB03406","C00065","kegg"
"sorbitol","sorbitol","Carbohydrate","Fructose, mannose, galactose, starch, and sucrose metabolism",15053,"GC/MS","C00794","6706-59-8;",1843,319.1,"HMDB00247","C00794","kegg"
"spermidine","spermidine","Amino acid","Polyamine metabolism",485,"LC/MS pos","C00315","124-20-9;",533,146.2,"HMDB01257","C00315","kegg"
"spermine","spermine","Amino acid","Polyamine metabolism",603,"LC/MS pos","C00750","71-44-3;",506,203.2,"HMDB01256","C00750","kegg"
"sphinganine","sphinganine","Lipid","Sphingolipid",17769,"LC/MS pos","C00836","3102-56-5;",5175,302.3,"HMDB00269","C00836","kegg"
"sphingosine","sphingosine","Lipid","Sphingolipid",17747,"LC/MS pos","C00319","123-78-4;",5197,300.2,"HMDB00252","C00319","kegg"
"squalene","squalene","Lipid","Sterol/Steroid",1518,"GC/MS","C00751","111-02-4;",2205,69,"HMDB00256","C00751","kegg"
"stachydrine","stachydrine","Amino acid","Urea cycle; arginine-, proline-, metabolism",34384,"LC/MS pos","C10172","4136-37-2;",860,144.1,"HMDB04827","C10172","kegg"
"stearate (18:0)","stearate (18:0)","Lipid","Long chain fatty acid",1358,"LC/MS neg","C01530","57-11-4;",5886,283.4,"HMDB00827","C01530","kegg"
"stearidonate (18:4n3)","stearidonate (18:4n3)","Lipid","Long chain fatty acid",33969,"LC/MS neg","C16300","111174-40-4 ;",5381,275.3,"HMDB06547","C16300","kegg"
"stearoyl sphingomyelin","stearoyl sphingomyelin","Lipid","Sphingolipid",19503,"GC/MS","C00550","85187-10-6;85187-10-6 ;",2645,311.3,"HMDB01348","C00550","kegg"
"stearoylcarnitine","stearoylcarnitine","Lipid","Carnitine metabolism",34409,"LC/MS pos",NA,"18822-91-8;",5300,428.4,"HMDB00848","HMDB00848","hmdb"
"suberylglycine","suberylglycine","Lipid","Fatty acid, beta-oxidation",35419,"LC/MS neg",NA,"60317-54-6;",1200,230.1,"HMDB00953","HMDB00953","hmdb"
"succinate","succinate","Energy","Krebs cycle",1437,"LC/MS neg","C00042","110-15-6;",618,117.1,"HMDB00254","C00042","kegg"
"succinylcarnitine","succinylcarnitine","Energy","Krebs cycle",37058,"LC/MS pos",NA,NA,1401,262.1,NA,NA,NA
"taurine","taurine","Amino acid","Cysteine, methionine, SAM, taurine metabolism",2125,"GC/MS","C00245","107-35-7;",1616.4,254.1,"HMDB00251","C00245","kegg"
"taurochenodeoxycholate","taurochenodeoxycholate","Lipid","Bile acid metabolism",18494,"LC/MS neg","C05465","6009-98-9;",5218,498.3,"HMDB00951","C05465","kegg"
"taurocholate","taurocholate","Lipid","Bile acid metabolism",18497,"LC/MS neg","C05122","145-42-6;",5122,514.3,"HMDB00036","C05122","kegg"
"taurolithocholate 3-sulfate","taurolithocholate 3-sulfate","Lipid","Bile acid metabolism",36850,"LC/MS neg","C03642","64936-83-0;",5002,280.8,"HMDB02580","C03642","kegg"
"threonate","threonate","Cofactors and vitamins","Ascorbate and aldarate metabolism",27738,"GC/MS","C01620","70753-61-6;",1560.7,292.1,"HMDB00943","C01620","kegg"
"threonine","threonine","Amino acid","Glycine, serine and threonine metabolism",1284,"GC/MS","C00188","72-19-5;",1412.3,218.1,"HMDB00167","C00188","kegg"
"thymine","thymine","Nucleotide","Pyrimidine metabolism, thymine containing",604,"GC/MS","C00178","65-71-4;",1429.1,255,"HMDB00262","C00178","kegg"
"thymol sulfate","thymol sulfate","Xenobiotics","Food component/Plant",36095,"LC/MS neg","C09908",NA,4395,229.1,"HMDB01878","C09908","kegg"
"trans-4-hydroxyproline","trans-4-hydroxyproline","Amino acid","Urea cycle; arginine-, proline-, metabolism",1366,"GC/MS","C01157","51-35-4;",1537,140,"HMDB00725","C01157","kegg"
"tryptophan","tryptophan","Amino acid","Tryptophan metabolism",54,"LC/MS pos","C00078","73-22-3;",2445,205.1,"HMDB00929","C00078","kegg"
"tryptophan betaine","tryptophan betaine","Amino acid","Tryptophan metabolism",37097,"LC/MS pos","C09213","20671-76-5;",2464,247.1,NA,"C09213","kegg"
"tyrosine","tyrosine","Amino acid","Phenylalanine & tyrosine metabolism",1299,"LC/MS pos","C00082","60-18-4;",1516,182.1,"HMDB00158","C00082","kegg"
"UDP-glucuronate","UDP-glucuronate","Carbohydrate","Nucleotide sugars, pentose metabolism",2763,"LC/MS neg","C00167","63700-19-6;",594,579.1,"HMDB00935","C00167","kegg"
"uracil","uracil","Nucleotide","Pyrimidine metabolism, uracil containing",605,"GC/MS","C00106","66-22-8;",1370.4,241,"HMDB00300","C00106","kegg"
"urate","urate","Nucleotide","Purine metabolism, urate metabolism",1604,"LC/MS neg","C00366","69-93-2;",769,167.1,"HMDB00289","C00366","kegg"
"urea","urea","Amino acid","Urea cycle; arginine-, proline-, metabolism",1670,"GC/MS","C00086","57-13-6;",1223.9,171,"HMDB00294","C00086","kegg"
"uridine","uridine","Nucleotide","Pyrimidine metabolism, uracil containing",606,"LC/MS neg","C00299","58-96-8;",1467,243.1,"HMDB00296","C00299","kegg"
"ursodeoxycholate","ursodeoxycholate","Lipid","Bile acid metabolism",1605,"LC/MS neg","C07880","128-13-2;",5037,391.3,"HMDB00946","C07880","kegg"
"valerylcarnitine","valerylcarnitine","Lipid","Fatty acid metabolism",34406,"LC/MS pos",NA,NA,2584,246.2,NA,NA,NA
"valine","valine","Amino acid","Valine, leucine and isoleucine metabolism",1649,"LC/MS pos","C00183","72-18-4;",1040,118.1,"HMDB00883","C00183","kegg"
"xanthine","xanthine","Nucleotide","Purine metabolism, (hypo)xanthine/inosine containing",3147,"LC/MS neg","C00385","69-89-6;",992,151.1,"HMDB00292","C00385","kegg"
"xanthosine","xanthosine","Nucleotide","Purine metabolism, (hypo)xanthine/inosine containing",15136,"LC/MS neg","C01762","146-80-5;",1075,283.1,"HMDB00299","C01762","kegg"
"xylitol","xylitol","Carbohydrate","Nucleotide sugars, pentose metabolism",4966,"GC/MS","C00379","87-99-0;",1677.6,307.2,"HMDB00568","C00379","kegg"
"xylulose","xylulose","Carbohydrate","Nucleotide sugars, pentose metabolism",18344,"GC/MS","C00310","551-84-8;",1668,306.1,"HMDB00621","C00310","kegg"
"X - 02249_201","X - 02249_201","No Super Pathway","No Pathway",32587,"LC/MS neg",NA,NA,4025,267.2,NA,NA,NA
"X - 02269_201","X - 02269_201","No Super Pathway","No Pathway",32549,"LC/MS neg",NA,NA,1551,255.1,NA,NA,NA
"X - 03056_200","X - 03056_200","No Super Pathway","No Pathway",32709,"LC/MS pos",NA,NA,2264,185.2,NA,NA,NA
"X - 10346_201","X - 10346_201","No Super Pathway","No Pathway",33782,"LC/MS neg",NA,NA,3989,259.1,NA,NA,NA
"X - 10419","X - 10419","No Super Pathway","No Pathway",25548,"GC/MS",NA,NA,2527,311.3,NA,NA,NA
"X - 10445_200","X - 10445_200","No Super Pathway","No Pathway",32894,"LC/MS pos",NA,NA,1939,250.1,NA,NA,NA
"X - 10500","X - 10500","No Super Pathway","No Pathway",27256,"GC/MS",NA,NA,1229.9,211,NA,NA,NA
"X - 10593_200","X - 10593_200","No Super Pathway","No Pathway",33066,"LC/MS pos",NA,NA,1256,172.2,NA,NA,NA
"X - 11315","X - 11315","No Super Pathway","No Pathway",32632,"LC/MS pos",NA,NA,1210,130.2,NA,NA,NA
"X - 11437","X - 11437","No Super Pathway","No Pathway",32754,"LC/MS neg",NA,NA,2888,231,NA,NA,NA
"X - 11516","X - 11516","No Super Pathway","No Pathway",32833,"LC/MS neg",NA,NA,4714,291.1,NA,NA,NA
"X - 11530","X - 11530","No Super Pathway","No Pathway",32847,"LC/MS neg",NA,NA,4866,313.2,NA,NA,NA
"X - 11538","X - 11538","No Super Pathway","No Pathway",32855,"LC/MS neg",NA,NA,4920,311.3,NA,NA,NA
"X - 11540","X - 11540","No Super Pathway","No Pathway",32857,"LC/MS pos",NA,NA,5150,342.3,NA,NA,NA
"X - 11546","X - 11546","No Super Pathway","No Pathway",32863,"LC/MS neg",NA,NA,5015,448.4,NA,NA,NA
"X - 11550","X - 11550","No Super Pathway","No Pathway",32867,"LC/MS neg",NA,NA,5130,250.2,NA,NA,NA
"X - 11560","X - 11560","No Super Pathway","No Pathway",32877,"LC/MS neg",NA,NA,5245,295.3,NA,NA,NA
"X - 11561","X - 11561","No Super Pathway","No Pathway",32878,"LC/MS neg",NA,NA,1252,267.1,NA,NA,NA
"X - 11568","X - 11568","No Super Pathway","No Pathway",32885,"LC/MS pos",NA,NA,819,230.1,NA,NA,NA
"X - 11575","X - 11575","No Super Pathway","No Pathway",32892,"LC/MS pos",NA,NA,1799,264.1,NA,NA,NA
"X - 11576","X - 11576","No Super Pathway","No Pathway",32893,"LC/MS pos",NA,NA,1856,403.2,NA,NA,NA
"X - 11578","X - 11578","No Super Pathway","No Pathway",32895,"LC/MS pos",NA,NA,2146,298.1,NA,NA,NA
"X - 11580_201","X - 11580_201","No Super Pathway","No Pathway",32925,"LC/MS neg",NA,NA,1404,662.1,NA,NA,NA
"X - 11581","X - 11581","No Super Pathway","No Pathway",32898,"LC/MS pos",NA,NA,2181,468.2,NA,NA,NA
"X - 11586","X - 11586","No Super Pathway","No Pathway",32903,"LC/MS pos",NA,NA,3434,442,NA,NA,NA
"X - 11591","X - 11591","No Super Pathway","No Pathway",32908,"LC/MS neg",NA,NA,767,472.1,NA,NA,NA
"X - 11596","X - 11596","No Super Pathway","No Pathway",32913,"LC/MS neg",NA,NA,936,178.1,NA,NA,NA
"X - 11611","X - 11611","No Super Pathway","No Pathway",32928,"LC/MS neg",NA,NA,1632,429.1,NA,NA,NA
"X - 11613","X - 11613","No Super Pathway","No Pathway",32930,"LC/MS neg",NA,NA,1658,369.1,NA,NA,NA
"X - 11615","X - 11615","No Super Pathway","No Pathway",32932,"LC/MS neg",NA,NA,1604,228.2,NA,NA,NA
"X - 11616","X - 11616","No Super Pathway","No Pathway",32933,"LC/MS neg",NA,NA,1738,309.1,NA,NA,NA
"X - 11617","X - 11617","No Super Pathway","No Pathway",32934,"LC/MS neg",NA,NA,1705,495.3,NA,NA,NA
"X - 11621","X - 11621","No Super Pathway","No Pathway",32938,"LC/MS neg",NA,NA,2566,394.1,NA,NA,NA
"X - 11641","X - 11641","No Super Pathway","No Pathway",32958,"LC/MS neg",NA,NA,3950,325.3,NA,NA,NA
"X - 11644","X - 11644","No Super Pathway","No Pathway",32961,"LC/MS neg",NA,NA,4451,324.3,NA,NA,NA
"X - 11687","X - 11687","No Super Pathway","No Pathway",33031,"LC/MS pos",NA,NA,2182,384.1,NA,NA,NA
"X - 11725","X - 11725","No Super Pathway","No Pathway",33070,"LC/MS pos",NA,NA,1173,304.2,NA,NA,NA
"X - 11787","X - 11787","No Super Pathway","No Pathway",33132,"LC/MS pos",NA,NA,1126,148.1,NA,NA,NA
"X - 11838","X - 11838","No Super Pathway","No Pathway",33183,"LC/MS neg",NA,NA,2314,276,NA,NA,NA
"X - 11858","X - 11858","No Super Pathway","No Pathway",33203,"LC/MS neg",NA,NA,4400,437.1,NA,NA,NA
"X - 11860","X - 11860","No Super Pathway","No Pathway",33205,"LC/MS neg",NA,NA,4557,225.2,NA,NA,NA
"X - 11861","X - 11861","No Super Pathway","No Pathway",33206,"LC/MS neg",NA,NA,4617,229.2,NA,NA,NA
"X - 11866","X - 11866","No Super Pathway","No Pathway",33211,"LC/MS pos",NA,NA,783,287.3,NA,NA,NA
"X - 11886","X - 11886","No Super Pathway","No Pathway",33231,"LC/MS neg",NA,NA,5616,453.3,NA,NA,NA
"X - 12010","X - 12010","No Super Pathway","No Pathway",33356,"LC/MS neg",NA,NA,1707,203.1,NA,NA,NA
"X - 12051","X - 12051","No Super Pathway","No Pathway",33403,"LC/MS pos",NA,NA,5739,456.4,NA,NA,NA
"X - 12056","X - 12056","No Super Pathway","No Pathway",33408,"LC/MS pos",NA,NA,1129,156.2,NA,NA,NA
"X - 12100","X - 12100","No Super Pathway","No Pathway",33515,"LC/MS pos",NA,NA,1793,221.1,NA,NA,NA
"X - 12104","X - 12104","No Super Pathway","No Pathway",33519,"LC/MS pos",NA,NA,1755,271.1,NA,NA,NA
"X - 12127","X - 12127","No Super Pathway","No Pathway",33542,"LC/MS pos",NA,NA,1235,226.1,NA,NA,NA
"X - 12216","X - 12216","No Super Pathway","No Pathway",33637,"LC/MS neg",NA,NA,1701,228.1,NA,NA,NA
"X - 12423","X - 12423","No Super Pathway","No Pathway",33851,"LC/MS pos",NA,NA,6342,338.4,NA,NA,NA
"X - 12442","X - 12442","No Super Pathway","No Pathway",33884,"LC/MS neg",NA,NA,5286,223.4,NA,NA,NA
"X - 12462","X - 12462","No Super Pathway","No Pathway",33907,"LC/MS pos",NA,NA,1269,148.2,NA,NA,NA
"X - 12465","X - 12465","No Super Pathway","No Pathway",33910,"LC/MS pos",NA,NA,1475,248.2,NA,NA,NA
"X - 12565","X - 12565","No Super Pathway","No Pathway",34132,"LC/MS pos",NA,NA,1724,254.2,NA,NA,NA
"X - 12627","X - 12627","No Super Pathway","No Pathway",34221,"LC/MS neg",NA,NA,5732,357.4,NA,NA,NA
"X - 12660","X - 12660","No Super Pathway","No Pathway",34265,"LC/MS pos",NA,NA,5667,442.2,NA,NA,NA
"X - 12663","X - 12663","No Super Pathway","No Pathway",34268,"GC/MS",NA,NA,1895,359.2,NA,NA,NA
"X - 12728","X - 12728","No Super Pathway","No Pathway",34338,"LC/MS neg",NA,NA,2033,296.1,NA,NA,NA
"X - 12741","X - 12741","No Super Pathway","No Pathway",34351,"LC/MS neg",NA,NA,2485,294.1,NA,NA,NA
"X - 12742","X - 12742","No Super Pathway","No Pathway",34352,"LC/MS neg",NA,NA,2534,241.2,NA,NA,NA
"X - 12748","X - 12748","No Super Pathway","No Pathway",34358,"LC/MS pos",NA,NA,1538,322.1,NA,NA,NA
"X - 12761","X - 12761","No Super Pathway","No Pathway",34371,"LC/MS pos",NA,NA,2022,315.2,NA,NA,NA
"X - 12770","X - 12770","No Super Pathway","No Pathway",34440,"LC/MS neg",NA,NA,1585,219.1,NA,NA,NA
"X - 12776","X - 12776","No Super Pathway","No Pathway",34453,"LC/MS neg",NA,NA,665,119.1,NA,NA,NA
"X - 12780","X - 12780","No Super Pathway","No Pathway",34461,"LC/MS pos",NA,NA,3056,346.1,NA,NA,NA
"X - 12786","X - 12786","No Super Pathway","No Pathway",34469,"GC/MS",NA,NA,1578,216.1,NA,NA,NA
"X - 12792","X - 12792","No Super Pathway","No Pathway",34475,"LC/MS pos",NA,NA,812,134,NA,NA,NA
"X - 12794","X - 12794","No Super Pathway","No Pathway",34477,"LC/MS pos",NA,NA,859,264.2,NA,NA,NA
"X - 12797","X - 12797","No Super Pathway","No Pathway",34480,"LC/MS pos",NA,NA,1542,284,NA,NA,NA
"X - 12799","X - 12799","No Super Pathway","No Pathway",34482,"LC/MS pos",NA,NA,2050,415.8,NA,NA,NA
"X - 12800","X - 12800","No Super Pathway","No Pathway",34483,"LC/MS pos",NA,NA,2263,417.3,NA,NA,NA
"X - 12801","X - 12801","No Super Pathway","No Pathway",34484,"LC/MS pos",NA,NA,2339,247.2,NA,NA,NA
"X - 12824","X - 12824","No Super Pathway","No Pathway",34507,"LC/MS neg",NA,NA,2803,243.2,NA,NA,NA
"X - 12854","X - 12854","No Super Pathway","No Pathway",34538,"LC/MS pos",NA,NA,1380,405.2,NA,NA,NA
"X - 12855","X - 12855","No Super Pathway","No Pathway",34539,"LC/MS pos",NA,NA,1404,248.2,NA,NA,NA
"X - 12856","X - 12856","No Super Pathway","No Pathway",34540,"LC/MS pos",NA,NA,1653,588,NA,NA,NA
"X - 12859","X - 12859","No Super Pathway","No Pathway",34543,"LC/MS pos",NA,NA,2223,347.1,NA,NA,NA
"X - 12860","X - 12860","No Super Pathway","No Pathway",34544,"LC/MS pos",NA,NA,2264,276.2,NA,NA,NA
"X - 12862","X - 12862","No Super Pathway","No Pathway",34546,"LC/MS pos",NA,NA,2560,412,NA,NA,NA
"X - 12870","X - 12870","No Super Pathway","No Pathway",34554,"LC/MS neg",NA,NA,1765,410.1,NA,NA,NA
"X - 12990","X - 12990","No Super Pathway","No Pathway",34674,"LC/MS neg",NA,NA,5611,329.4,NA,NA,NA
"X - 13007","X - 13007","No Super Pathway","No Pathway",34692,"LC/MS neg",NA,NA,4584,329.3,NA,NA,NA
"X - 13066","X - 13066","No Super Pathway","No Pathway",34758,"LC/MS pos",NA,NA,3303,335.2,NA,NA,NA
"X - 13068","X - 13068","No Super Pathway","No Pathway",34760,"LC/MS pos",NA,NA,3965,353.1,NA,NA,NA
"X - 13082","X - 13082","No Super Pathway","No Pathway",34774,"LC/MS pos",NA,NA,3875,309.2,NA,NA,NA
"X - 13086","X - 13086","No Super Pathway","No Pathway",34778,"LC/MS pos",NA,NA,3914,309.2,NA,NA,NA
"X - 13098","X - 13098","No Super Pathway","No Pathway",34790,"LC/MS neg",NA,NA,2438,307.1,NA,NA,NA
"X - 13110","X - 13110","No Super Pathway","No Pathway",34802,"LC/MS neg",NA,NA,3428,371.1,NA,NA,NA
"X - 13134","X - 13134","No Super Pathway","No Pathway",34826,"LC/MS neg",NA,NA,6153,436.4,NA,NA,NA
"X - 13143","X - 13143","No Super Pathway","No Pathway",34835,"LC/MS neg",NA,NA,3725,307.1,NA,NA,NA
"X - 13145","X - 13145","No Super Pathway","No Pathway",34837,"LC/MS pos",NA,NA,2657,335.2,NA,NA,NA
"X - 13150","X - 13150","No Super Pathway","No Pathway",34842,"LC/MS pos",NA,NA,3912,353.1,NA,NA,NA
"X - 13159","X - 13159","No Super Pathway","No Pathway",34851,"LC/MS neg",NA,NA,2612,332.9,NA,NA,NA
"X - 13161","X - 13161","No Super Pathway","No Pathway",34853,"LC/MS neg",NA,NA,2665,350.9,NA,NA,NA
"X - 13162","X - 13162","No Super Pathway","No Pathway",34854,"LC/MS neg",NA,NA,3098,526.1,NA,NA,NA
"X - 13188","X - 13188","No Super Pathway","No Pathway",34883,"LC/MS neg",NA,NA,951,304,NA,NA,NA
"X - 13191","X - 13191","No Super Pathway","No Pathway",34886,"LC/MS neg",NA,NA,2515,757,NA,NA,NA
"X - 13230","X - 13230","No Super Pathway","No Pathway",34927,"LC/MS neg",NA,NA,674,161,NA,NA,NA
"X - 13372","X - 13372","No Super Pathway","No Pathway",35072,"LC/MS neg",NA,NA,5030,277.1,NA,NA,NA
"X - 13391","X - 13391","No Super Pathway","No Pathway",35091,"LC/MS pos",NA,NA,3975,204.1,NA,NA,NA
"X - 13396","X - 13396","No Super Pathway","No Pathway",35099,"LC/MS pos",NA,NA,5153,246.2,NA,NA,NA
"X - 13411","X - 13411","No Super Pathway","No Pathway",35134,"LC/MS neg",NA,NA,3216,743.4,NA,NA,NA
"X - 13413","X - 13413","No Super Pathway","No Pathway",35139,"LC/MS pos",NA,NA,2980,790.3,NA,NA,NA
"X - 13414","X - 13414","No Super Pathway","No Pathway",35140,"LC/MS pos",NA,NA,2999,745.4,NA,NA,NA
"X - 13417","X - 13417","No Super Pathway","No Pathway",35146,"LC/MS pos",NA,NA,3140,617.4,NA,NA,NA
"X - 13418","X - 13418","No Super Pathway","No Pathway",35148,"LC/MS pos",NA,NA,3181,759.2,NA,NA,NA
"X - 13421","X - 13421","No Super Pathway","No Pathway",35154,"LC/MS pos",NA,NA,2381,597.4,NA,NA,NA
"X - 13422","X - 13422","No Super Pathway","No Pathway",35155,"LC/MS pos",NA,NA,2624,664.1,NA,NA,NA
"X - 13423","X - 13423","No Super Pathway","No Pathway",35164,"LC/MS pos",NA,NA,4970,318.2,NA,NA,NA
"X - 13445","X - 13445","No Super Pathway","No Pathway",35208,"LC/MS pos",NA,NA,2088,729.6,NA,NA,NA
"X - 13494","X - 13494","No Super Pathway","No Pathway",35268,"GC/MS",NA,NA,1663,218.2,NA,NA,NA
"X - 13503","X - 13503","No Super Pathway","No Pathway",35277,"LC/MS pos",NA,NA,921,473,NA,NA,NA
"X - 13510","X - 13510","No Super Pathway","No Pathway",35284,"LC/MS pos",NA,NA,1909,182.1,NA,NA,NA
"X - 13512","X - 13512","No Super Pathway","No Pathway",35286,"LC/MS pos",NA,NA,2176,247.1,NA,NA,NA
"X - 13516","X - 13516","No Super Pathway","No Pathway",35290,"LC/MS pos",NA,NA,3088,190.1,NA,NA,NA
"X - 13519","X - 13519","No Super Pathway","No Pathway",35293,"LC/MS pos",NA,NA,4188,276.1,NA,NA,NA
"X - 13520","X - 13520","No Super Pathway","No Pathway",35294,"LC/MS pos",NA,NA,4256,290.1,NA,NA,NA
"X - 13529","X - 13529","No Super Pathway","No Pathway",35303,"LC/MS neg",NA,NA,2014,188.1,NA,NA,NA
"X - 13543","X - 13543","No Super Pathway","No Pathway",35321,"LC/MS pos",NA,NA,1096,484.1,NA,NA,NA
"X - 13555","X - 13555","No Super Pathway","No Pathway",35333,"LC/MS neg",NA,NA,1543,258,NA,NA,NA
"X - 13557","X - 13557","No Super Pathway","No Pathway",35335,"LC/MS neg",NA,NA,3611,252,NA,NA,NA
"X - 13560","X - 13560","No Super Pathway","No Pathway",35338,"LC/MS neg",NA,NA,5220,367.3,NA,NA,NA
"X - 13621","X - 13621","No Super Pathway","No Pathway",35399,"GC/MS",NA,NA,1225,126.2,NA,NA,NA
"X - 13671","X - 13671","No Super Pathway","No Pathway",35464,"LC/MS neg",NA,NA,5226,315.3,NA,NA,NA
"X - 13673","X - 13673","No Super Pathway","No Pathway",35466,"LC/MS neg",NA,NA,5243,355.3,NA,NA,NA
"X - 13701","X - 13701","No Super Pathway","No Pathway",35510,"LC/MS pos",NA,NA,980,674.9,NA,NA,NA
"X - 13743","X - 13743","No Super Pathway","No Pathway",35553,"LC/MS pos",NA,NA,2363,276.2,NA,NA,NA
"X - 13819","X - 13819","No Super Pathway","No Pathway",35646,"LC/MS neg",NA,NA,4636,327.3,NA,NA,NA
"X - 13871","X - 13871","No Super Pathway","No Pathway",35766,"LC/MS pos",NA,NA,980,192,NA,NA,NA
"X - 13872","X - 13872","No Super Pathway","No Pathway",35767,"LC/MS neg",NA,NA,5125,339.2,NA,NA,NA
"X - 13891","X - 13891","No Super Pathway","No Pathway",35786,"LC/MS neg",NA,NA,2716,227.1,NA,NA,NA
"X - 13975","X - 13975","No Super Pathway","No Pathway",35885,"LC/MS neg",NA,NA,3196,333,NA,NA,NA
"X - 14097","X - 14097","No Super Pathway","No Pathway",36021,"LC/MS pos",NA,NA,970,258.2,NA,NA,NA
"X - 14099","X - 14099","No Super Pathway","No Pathway",36023,"LC/MS neg",NA,NA,1059,265.1,NA,NA,NA
"X - 14103","X - 14103","No Super Pathway","No Pathway",36027,"LC/MS neg",NA,NA,1197,259.1,NA,NA,NA
"X - 14119","X - 14119","No Super Pathway","No Pathway",36044,"LC/MS pos",NA,NA,1412,269.2,NA,NA,NA
"X - 14123","X - 14123","No Super Pathway","No Pathway",36048,"LC/MS pos",NA,NA,1484,269.2,NA,NA,NA
"X - 14132","X - 14132","No Super Pathway","No Pathway",36058,"LC/MS neg",NA,NA,1658,293.1,NA,NA,NA
"X - 14139","X - 14139","No Super Pathway","No Pathway",36065,"LC/MS pos",NA,NA,1549,260.2,NA,NA,NA
"X - 14141","X - 14141","No Super Pathway","No Pathway",36067,"LC/MS neg",NA,NA,1337,259.1,NA,NA,NA
"X - 14147","X - 14147","No Super Pathway","No Pathway",36073,"LC/MS pos",NA,NA,1580,311.2,NA,NA,NA
"X - 14186","X - 14186","No Super Pathway","No Pathway",36112,"LC/MS pos",NA,NA,1768,189.2,NA,NA,NA
"X - 14208","X - 14208","No Super Pathway","No Pathway",36134,"LC/MS pos",NA,NA,1846,253.1,NA,NA,NA
"X - 14234","X - 14234","No Super Pathway","No Pathway",36160,"LC/MS pos",NA,NA,2021,295.1,NA,NA,NA
"X - 14241","X - 14241","No Super Pathway","No Pathway",36167,"LC/MS pos",NA,NA,2061,281.2,NA,NA,NA
"X - 14248","X - 14248","No Super Pathway","No Pathway",36174,"LC/MS neg",NA,NA,2011,187.2,NA,NA,NA
"X - 14256","X - 14256","No Super Pathway","No Pathway",36182,"LC/MS pos",NA,NA,2116,237.2,NA,NA,NA
"X - 14258","X - 14258","No Super Pathway","No Pathway",36184,"LC/MS pos",NA,NA,2133,219.2,NA,NA,NA
"X - 14272","X - 14272","No Super Pathway","No Pathway",36198,"LC/MS pos",NA,NA,2265,261.1,NA,NA,NA
"X - 14284","X - 14284","No Super Pathway","No Pathway",36210,"LC/MS pos",NA,NA,2367,253.1,NA,NA,NA
"X - 14296","X - 14296","No Super Pathway","No Pathway",36222,"LC/MS neg",NA,NA,2197,267.2,NA,NA,NA
"X - 14314","X - 14314","No Super Pathway","No Pathway",36240,"LC/MS neg",NA,NA,2302,241.1,NA,NA,NA
"X - 14346","X - 14346","No Super Pathway","No Pathway",36272,"LC/MS pos",NA,NA,2621,358.2,NA,NA,NA
"X - 14353","X - 14353","No Super Pathway","No Pathway",36279,"LC/MS pos",NA,NA,2675,295.2,NA,NA,NA
"X - 14364","X - 14364","No Super Pathway","No Pathway",36290,"LC/MS neg",NA,NA,2590,275.1,NA,NA,NA
"X - 14384","X - 14384","No Super Pathway","No Pathway",36310,"LC/MS neg",NA,NA,2732,265.2,NA,NA,NA
"X - 14388","X - 14388","No Super Pathway","No Pathway",36314,"LC/MS neg",NA,NA,2753,235.1,NA,NA,NA
"X - 14590","X - 14590","No Super Pathway","No Pathway",36517,"LC/MS pos",NA,NA,1192,361.2,NA,NA,NA
"X - 14591","X - 14591","No Super Pathway","No Pathway",36518,"LC/MS pos",NA,NA,3177,737.6,NA,NA,NA
"X - 14596","X - 14596","No Super Pathway","No Pathway",36523,"LC/MS pos",NA,NA,2510,176.1,NA,NA,NA
"X - 14600","X - 14600","No Super Pathway","No Pathway",36527,"LC/MS pos",NA,NA,1771,365.1,NA,NA,NA
"X - 14606","X - 14606","No Super Pathway","No Pathway",36533,"LC/MS pos",NA,NA,3091,637.7,NA,NA,NA
"X - 14611","X - 14611","No Super Pathway","No Pathway",36538,"LC/MS pos",NA,NA,1776,547,NA,NA,NA
"X - 14613","X - 14613","No Super Pathway","No Pathway",36540,"LC/MS pos",NA,NA,2404,735,NA,NA,NA
"X - 14919","X - 14919","No Super Pathway","No Pathway",36946,"LC/MS neg",NA,NA,5156,309.2,NA,NA,NA
"X - 14952","X - 14952","No Super Pathway","No Pathway",36979,"LC/MS pos",NA,NA,853,708,NA,NA,NA
"X - 15117","X - 15117","No Super Pathway","No Pathway",37258,"LC/MS neg",NA,NA,652,333.1,NA,NA,NA
"X - 15149","X - 15149","No Super Pathway","No Pathway",37290,"LC/MS neg",NA,NA,1492,173.1,NA,NA,NA
"X - 15150","X - 15150","No Super Pathway","No Pathway",37291,"LC/MS neg",NA,NA,1534,294.1,NA,NA,NA
"X - 15151","X - 15151","No Super Pathway","No Pathway",37292,"LC/MS neg",NA,NA,1628,237,NA,NA,NA
"X - 15158","X - 15158","No Super Pathway","No Pathway",37299,"LC/MS pos",NA,NA,1396,175.1,NA,NA,NA
"X - 15159","X - 15159","No Super Pathway","No Pathway",37300,"LC/MS pos",NA,NA,1451,310.1,NA,NA,NA
"X - 15161","X - 15161","No Super Pathway","No Pathway",37302,"LC/MS pos",NA,NA,1515,206,NA,NA,NA
"X - 15163","X - 15163","No Super Pathway","No Pathway",37304,"LC/MS pos",NA,NA,1533,502.8,NA,NA,NA
"X - 15164","X - 15164","No Super Pathway","No Pathway",37305,"LC/MS pos",NA,NA,1599,239,NA,NA,NA
"X - 15165","X - 15165","No Super Pathway","No Pathway",37306,"LC/MS pos",NA,NA,1679,558.9,NA,NA,NA
"X - 15166","X - 15166","No Super Pathway","No Pathway",37307,"LC/MS pos",NA,NA,1740,280.1,NA,NA,NA
"X - 15168","X - 15168","No Super Pathway","No Pathway",37309,"LC/MS pos",NA,NA,1850,294.1,NA,NA,NA
"X - 15169","X - 15169","No Super Pathway","No Pathway",37310,"LC/MS pos",NA,NA,1906,281.1,NA,NA,NA
"X - 15170","X - 15170","No Super Pathway","No Pathway",37311,"LC/MS pos",NA,NA,1968,319.1,NA,NA,NA
"X - 15173","X - 15173","No Super Pathway","No Pathway",37314,"LC/MS pos",NA,NA,2330,480.5,NA,NA,NA
"X - 15174","X - 15174","No Super Pathway","No Pathway",37315,"LC/MS pos",NA,NA,2333,525.2,NA,NA,NA
"X - 15175","X - 15175","No Super Pathway","No Pathway",37316,"LC/MS neg",NA,NA,944,206.1,NA,NA,NA
"X - 15197","X - 15197","No Super Pathway","No Pathway",37338,"LC/MS pos",NA,NA,1788,323.3,NA,NA,NA
"X - 3094","X - 3094","No Super Pathway","No Pathway",12774,"GC/MS",NA,NA,1978.7,299,NA,NA,NA
"X - 4015","X - 4015","No Super Pathway","No Pathway",16062,"GC/MS",NA,NA,1497.8,160,NA,NA,NA
"X - 4051","X - 4051","No Super Pathway","No Pathway",16116,"GC/MS",NA,NA,1968.7,357.1,NA,NA,NA
"X - 4357","X - 4357","No Super Pathway","No Pathway",16634,"GC/MS",NA,NA,1540.5,216,NA,NA,NA
"X - 4507","X - 4507","No Super Pathway","No Pathway",16837,"GC/MS",NA,NA,1644.9,245,NA,NA,NA
"X - 4523","X - 4523","No Super Pathway","No Pathway",16866,"GC/MS",NA,NA,2048.1,258.1,NA,NA,NA
"X - 4796","X - 4796","No Super Pathway","No Pathway",17389,"GC/MS",NA,NA,1043.2,117,NA,NA,NA
"X - 5228","X - 5228","No Super Pathway","No Pathway",17987,"GC/MS",NA,NA,1442.5,181.1,NA,NA,NA
"X - 5229","X - 5229","No Super Pathway","No Pathway",17989,"GC/MS",NA,NA,1461.6,211.1,NA,NA,NA
"X - 5907","X - 5907","No Super Pathway","No Pathway",18929,"GC/MS",NA,NA,1643.2,229.1,NA,NA,NA
"X - 6227","X - 6227","No Super Pathway","No Pathway",19363,"GC/MS",NA,NA,1210.5,196.1,NA,NA,NA
"X - 6650","X - 6650","No Super Pathway","No Pathway",19600,"GC/MS",NA,NA,1991.9,188.2,NA,NA,NA
"X - 8791","X - 8791","No Super Pathway","No Pathway",22052,"GC/MS",NA,NA,2599.5,311.3,NA,NA,NA
"X - 8889","X - 8889","No Super Pathway","No Pathway",22320,"GC/MS",NA,NA,1634.3,521.2,NA,NA,NA
"X - 8890","X - 8890","No Super Pathway","No Pathway",22321,"GC/MS",NA,NA,1656.9,245.1,NA,NA,NA
"X - 8988","X - 8988","No Super Pathway","No Pathway",22481,"GC/MS",NA,NA,1485.9,160.1,NA,NA,NA
"X - 8994","X - 8994","No Super Pathway","No Pathway",22494,"GC/MS",NA,NA,1878.7,447.2,NA,NA,NA
